id;name
1;617
2;619
3;624
4;652
5;654
6;655
7;656
8;658
9;659
10;660
11;661
12;667
13;693
14;602
15;603
16;604
17;605
18;606
19;607
20;608
21;609
22;611
23;612
24;613
25;614
26;615
27;620
28;621
29;622
30;623
31;625
32;657
33;664
34;665
35;666
36;669
37;695
38;696
39;697
40;699
41;627
42;628
43;629
44;630
45;631
46;632
47;633
48;636
49;637
50;638
51;639
52;640
53;641
54;644
55;645
56;646
57;647
58;648
59;649
60;650
61;663
62;668
63;672
64;673
65;674
66;675
67;676
68;677
69;678
70;681
71;682
72;683
73;684
74;685
75;688
76;689
77;690
78;698
